<?xml version="1.0" encoding="UTF-8"?>
<GenRun Id="impl_1" LaunchPart="xc7a100tftg256-3" LaunchTime="1530697294">
  <File Type="PWROPT-DRC" Name="PHS_CTRL_drc_pwropted.rpt"/>
  <File Type="OPT-METHODOLOGY-DRC" Name="PHS_CTRL_methodology_drc_opted.rpt"/>
  <File Type="INIT-TIMING" Name="PHS_CTRL_timing_summary_init.rpt"/>
  <File Type="ROUTE-PWR-RPX" Name="PHS_CTRL_power_routed.rpx"/>
  <File Type="PA-TCL" Name="PHS_CTRL.tcl"/>
  <File Type="OPT-HWDEF" Name="PHS_CTRL.hwdef"/>
  <File Type="RDI-RDI" Name="PHS_CTRL.vdi"/>
  <File Type="OPT-DCP" Name="PHS_CTRL_opt.dcp"/>
  <File Type="OPT-DRC" Name="PHS_CTRL_drc_opted.rpt"/>
  <File Type="OPT-TIMING" Name="PHS_CTRL_timing_summary_opted.rpt"/>
  <File Type="PWROPT-DCP" Name="PHS_CTRL_pwropt.dcp"/>
  <File Type="PWROPT-TIMING" Name="PHS_CTRL_timing_summary_pwropted.rpt"/>
  <File Type="PLACE-DCP" Name="PHS_CTRL_placed.dcp"/>
  <File Type="PLACE-IO" Name="PHS_CTRL_io_placed.rpt"/>
  <File Type="PLACE-CLK" Name="PHS_CTRL_clock_utilization_placed.rpt"/>
  <File Type="PLACE-UTIL" Name="PHS_CTRL_utilization_placed.rpt"/>
  <File Type="PLACE-UTIL-PB" Name="PHS_CTRL_utilization_placed.pb"/>
  <File Type="PLACE-CTRL" Name="PHS_CTRL_control_sets_placed.rpt"/>
  <File Type="PLACE-SIMILARITY" Name="PHS_CTRL_incremental_reuse_placed.rpt"/>
  <File Type="PLACE-PRE-SIMILARITY" Name="PHS_CTRL_incremental_reuse_pre_placed.rpt"/>
  <File Type="PLACE-TIMING" Name="PHS_CTRL_timing_summary_placed.rpt"/>
  <File Type="POSTPLACE-PWROPT-DCP" Name="PHS_CTRL_postplace_pwropt.dcp"/>
  <File Type="POSTPLACE-PWROPT-TIMING" Name="PHS_CTRL_timing_summary_postplace_pwropted.rpt"/>
  <File Type="PHYSOPT-DCP" Name="PHS_CTRL_physopt.dcp"/>
  <File Type="PHYSOPT-DRC" Name="PHS_CTRL_drc_physopted.rpt"/>
  <File Type="PHYSOPT-TIMING" Name="PHS_CTRL_timing_summary_physopted.rpt"/>
  <File Type="ROUTE-ERROR-DCP" Name="PHS_CTRL_routed_error.dcp"/>
  <File Type="ROUTE-DCP" Name="PHS_CTRL_routed.dcp"/>
  <File Type="ROUTE-BLACKBOX-DCP" Name="PHS_CTRL_routed_bb.dcp"/>
  <File Type="ROUTE-DRC" Name="PHS_CTRL_drc_routed.rpt"/>
  <File Type="ROUTE-DRC-PB" Name="PHS_CTRL_drc_routed.pb"/>
  <File Type="BG-BIN" Name="PHS_CTRL.bin"/>
  <File Type="ROUTE-DRC-RPX" Name="PHS_CTRL_drc_routed.rpx"/>
  <File Type="BG-DRC" Name="PHS_CTRL.drc"/>
  <File Type="ROUTE-METHODOLOGY-DRC" Name="PHS_CTRL_methodology_drc_routed.rpt"/>
  <File Type="BITSTR-MSK" Name="PHS_CTRL.msk"/>
  <File Type="ROUTE-METHODOLOGY-DRC-RPX" Name="PHS_CTRL_methodology_drc_routed.rpx"/>
  <File Type="BG-BGN" Name="PHS_CTRL.bgn"/>
  <File Type="ROUTE-METHODOLOGY-DRC-PB" Name="PHS_CTRL_methodology_drc_routed.pb"/>
  <File Type="ROUTE-PWR" Name="PHS_CTRL_power_routed.rpt"/>
  <File Type="ROUTE-PWR-SUM" Name="PHS_CTRL_power_summary_routed.pb"/>
  <File Type="ROUTE-STATUS" Name="PHS_CTRL_route_status.rpt"/>
  <File Type="ROUTE-STATUS-PB" Name="PHS_CTRL_route_status.pb"/>
  <File Type="ROUTE-TIMINGSUMMARY" Name="PHS_CTRL_timing_summary_routed.rpt"/>
  <File Type="ROUTE-TIMING-PB" Name="PHS_CTRL_timing_summary_routed.pb"/>
  <File Type="ROUTE-TIMING-RPX" Name="PHS_CTRL_timing_summary_routed.rpx"/>
  <File Type="ROUTE-SIMILARITY" Name="PHS_CTRL_incremental_reuse_routed.rpt"/>
  <File Type="ROUTE-CLK" Name="PHS_CTRL_clock_utilization_routed.rpt"/>
  <File Type="POSTROUTE-PHYSOPT-DCP" Name="PHS_CTRL_postroute_physopt.dcp"/>
  <File Type="POSTROUTE-PHYSOPT-BLACKBOX-DCP" Name="PHS_CTRL_postroute_physopt_bb.dcp"/>
  <File Type="POSTROUTE-PHYSOPT-TIMING" Name="PHS_CTRL_timing_summary_postroute_physopted.rpt"/>
  <File Type="POSTROUTE-PHYSOPT-TIMING-PB" Name="PHS_CTRL_timing_summary_postroute_physopted.pb"/>
  <File Type="POSTROUTE-PHYSOPT-TIMING-RPX" Name="PHS_CTRL_timing_summary_postroute_physopted.rpx"/>
  <File Type="BG-BIT" Name="PHS_CTRL.bit"/>
  <File Type="BITSTR-RBT" Name="PHS_CTRL.rbt"/>
  <File Type="BITSTR-NKY" Name="PHS_CTRL.nky"/>
  <File Type="BITSTR-BMM" Name="PHS_CTRL_bd.bmm"/>
  <File Type="BITSTR-MMI" Name="PHS_CTRL.mmi"/>
  <File Type="BITSTR-SYSDEF" Name="PHS_CTRL.sysdef"/>
  <File Type="WBT-USG" Name="usage_statistics_webtalk.html"/>
  <FileSet Name="sources" Type="DesignSrcs" RelSrcDir="$PSRCDIR/sources_1">
    <Filter Type="Srcs"/>
    <File Path="$PSRCDIR/sources_1/new/timescale.vh">
      <FileInfo>
        <Attr Name="ImportPath" Val="$PPRDIR/../PHS_CTRL_DUMMY/PHS_CTRL_DUMMY.srcs/sources_1/new/timescale.vh"/>
        <Attr Name="ImportTime" Val="1528367517"/>
        <Attr Name="UsedIn" Val="synthesis"/>
        <Attr Name="UsedIn" Val="simulation"/>
      </FileInfo>
    </File>
    <File Path="$PSRCDIR/sources_1/new/i2cMaster.v">
      <FileInfo>
        <Attr Name="ImportPath" Val="$PPRDIR/../PHS_CTRL_DUMMY/PHS_CTRL_DUMMY.srcs/sources_1/new/i2cMaster.v"/>
        <Attr Name="ImportTime" Val="1529901782"/>
        <Attr Name="UsedIn" Val="synthesis"/>
        <Attr Name="UsedIn" Val="implementation"/>
        <Attr Name="UsedIn" Val="simulation"/>
      </FileInfo>
    </File>
    <File Path="$PSRCDIR/sources_1/new/fan_ctrl.v">
      <FileInfo>
        <Attr Name="ImportPath" Val="$PPRDIR/../PHS_CTRL_DUMMY/PHS_CTRL_DUMMY.srcs/sources_1/new/fan_ctrl.v"/>
        <Attr Name="ImportTime" Val="1529411855"/>
        <Attr Name="UsedIn" Val="synthesis"/>
        <Attr Name="UsedIn" Val="implementation"/>
        <Attr Name="UsedIn" Val="simulation"/>
      </FileInfo>
    </File>
    <File Path="$PSRCDIR/sources_1/new/i2c_read_loop.v">
      <FileInfo>
        <Attr Name="ImportPath" Val="$PPRDIR/../PHS_CTRL_DUMMY/PHS_CTRL_DUMMY.srcs/sources_1/new/i2c_read_loop.v"/>
        <Attr Name="ImportTime" Val="1529982072"/>
        <Attr Name="UsedIn" Val="synthesis"/>
        <Attr Name="UsedIn" Val="implementation"/>
        <Attr Name="UsedIn" Val="simulation"/>
      </FileInfo>
    </File>
    <File Path="$PSRCDIR/sources_1/new/i2cSlave_define.vh">
      <FileInfo>
        <Attr Name="ImportPath" Val="$PPRDIR/../PHS_CTRL_DUMMY/PHS_CTRL_DUMMY.srcs/sources_1/new/i2cSlave_define.vh"/>
        <Attr Name="ImportTime" Val="1529049450"/>
        <Attr Name="UsedIn" Val="synthesis"/>
        <Attr Name="UsedIn" Val="simulation"/>
      </FileInfo>
    </File>
    <File Path="$PSRCDIR/sources_1/new/serialInterface.v">
      <FileInfo>
        <Attr Name="ImportPath" Val="$PPRDIR/../PHS_CTRL_DUMMY/PHS_CTRL_DUMMY.srcs/sources_1/new/serialInterface.v"/>
        <Attr Name="ImportTime" Val="1529657667"/>
        <Attr Name="UsedIn" Val="synthesis"/>
        <Attr Name="UsedIn" Val="implementation"/>
        <Attr Name="UsedIn" Val="simulation"/>
      </FileInfo>
    </File>
    <File Path="$PSRCDIR/sources_1/new/amp_ctrl.v">
      <FileInfo>
        <Attr Name="ImportPath" Val="$PPRDIR/../PHS_CTRL_DUMMY/PHS_CTRL_DUMMY.srcs/sources_1/new/amp_ctrl.v"/>
        <Attr Name="ImportTime" Val="1530261750"/>
        <Attr Name="UsedIn" Val="synthesis"/>
        <Attr Name="UsedIn" Val="implementation"/>
        <Attr Name="UsedIn" Val="simulation"/>
      </FileInfo>
    </File>
    <File Path="$PSRCDIR/sources_1/new/dna.v">
      <FileInfo>
        <Attr Name="ImportPath" Val="$PPRDIR/../PHS_CTRL_DUMMY/PHS_CTRL_DUMMY.srcs/sources_1/new/dna.v"/>
        <Attr Name="ImportTime" Val="1529051226"/>
        <Attr Name="UsedIn" Val="synthesis"/>
        <Attr Name="UsedIn" Val="implementation"/>
        <Attr Name="UsedIn" Val="simulation"/>
      </FileInfo>
    </File>
    <File Path="$PSRCDIR/sources_1/new/fan_temp.v">
      <FileInfo>
        <Attr Name="ImportPath" Val="$PPRDIR/../PHS_CTRL_DUMMY/PHS_CTRL_DUMMY.srcs/sources_1/new/fan_temp.v"/>
        <Attr Name="ImportTime" Val="1529411977"/>
        <Attr Name="UsedIn" Val="synthesis"/>
        <Attr Name="UsedIn" Val="implementation"/>
        <Attr Name="UsedIn" Val="simulation"/>
      </FileInfo>
    </File>
    <File Path="$PSRCDIR/sources_1/new/i2cSlave.v">
      <FileInfo>
        <Attr Name="ImportPath" Val="$PPRDIR/../PHS_CTRL_DUMMY/PHS_CTRL_DUMMY.srcs/sources_1/new/i2cSlave.v"/>
        <Attr Name="ImportTime" Val="1530499949"/>
        <Attr Name="UsedIn" Val="synthesis"/>
        <Attr Name="UsedIn" Val="implementation"/>
        <Attr Name="UsedIn" Val="simulation"/>
      </FileInfo>
    </File>
    <File Path="$PSRCDIR/sources_1/new/sync.v">
      <FileInfo>
        <Attr Name="ImportPath" Val="$PPRDIR/../PHS_CTRL_DUMMY/PHS_CTRL_DUMMY.srcs/sources_1/new/sync.v"/>
        <Attr Name="ImportTime" Val="1529050890"/>
        <Attr Name="UsedIn" Val="synthesis"/>
        <Attr Name="UsedIn" Val="implementation"/>
        <Attr Name="UsedIn" Val="simulation"/>
      </FileInfo>
    </File>
    <File Path="$PSRCDIR/sources_1/ip/clk_gen/clk_gen.xci">
      <FileInfo>
        <Attr Name="UsedIn" Val="synthesis"/>
        <Attr Name="UsedIn" Val="implementation"/>
        <Attr Name="UsedIn" Val="simulation"/>
      </FileInfo>
    </File>
    <File Path="$PSRCDIR/sources_1/new/hardwarefpgadefine.vh">
      <FileInfo>
        <Attr Name="ImportPath" Val="$PPRDIR/../PHS_CTRL_DUMMY/PHS_CTRL_DUMMY.srcs/sources_1/new/hardwarefpgadefine.vh"/>
        <Attr Name="ImportTime" Val="1529048049"/>
        <Attr Name="UsedIn" Val="synthesis"/>
        <Attr Name="UsedIn" Val="simulation"/>
      </FileInfo>
    </File>
    <File Path="$PSRCDIR/sources_1/new/phasefpgaregdef.vh">
      <FileInfo>
        <Attr Name="ImportPath" Val="$PPRDIR/../PHS_CTRL_DUMMY/PHS_CTRL_DUMMY.srcs/sources_1/new/phasefpgaregdef.vh"/>
        <Attr Name="ImportTime" Val="1529414618"/>
        <Attr Name="UsedIn" Val="synthesis"/>
        <Attr Name="UsedIn" Val="simulation"/>
      </FileInfo>
    </File>
    <File Path="$PSRCDIR/sources_1/new/controlfpgaregdef.vh">
      <FileInfo>
        <Attr Name="ImportPath" Val="$PPRDIR/../PHS_CTRL_DUMMY/PHS_CTRL_DUMMY.srcs/sources_1/new/controlfpgaregdef.vh"/>
        <Attr Name="ImportTime" Val="1528367517"/>
        <Attr Name="UsedIn" Val="synthesis"/>
        <Attr Name="UsedIn" Val="simulation"/>
      </FileInfo>
    </File>
    <File Path="$PSRCDIR/sources_1/new/PHS_CRTL.v">
      <FileInfo>
        <Attr Name="ImportPath" Val="$PPRDIR/../PHS_CTRL_DUMMY/PHS_CTRL_DUMMY.srcs/sources_1/new/PHS_CRTL.v"/>
        <Attr Name="ImportTime" Val="1530582602"/>
        <Attr Name="UsedIn" Val="synthesis"/>
        <Attr Name="UsedIn" Val="implementation"/>
        <Attr Name="UsedIn" Val="simulation"/>
      </FileInfo>
    </File>
    <File Path="$PSRCDIR/sources_1/new/phs_gen.v">
      <FileInfo>
        <Attr Name="AutoDisabled" Val="1"/>
        <Attr Name="ImportPath" Val="$PPRDIR/../PHS_CTRL_DUMMY/PHS_CTRL_DUMMY.srcs/sources_1/new/phs_gen.v"/>
        <Attr Name="ImportTime" Val="1529051041"/>
        <Attr Name="UsedIn" Val="synthesis"/>
        <Attr Name="UsedIn" Val="implementation"/>
        <Attr Name="UsedIn" Val="simulation"/>
      </FileInfo>
    </File>
    <File Path="$PSRCDIR/sources_1/new/phs.v">
      <FileInfo>
        <Attr Name="AutoDisabled" Val="1"/>
        <Attr Name="ImportPath" Val="$PPRDIR/../PHS_CTRL_DUMMY/PHS_CTRL_DUMMY.srcs/sources_1/new/phs.v"/>
        <Attr Name="ImportTime" Val="1529050990"/>
        <Attr Name="UsedIn" Val="synthesis"/>
        <Attr Name="UsedIn" Val="implementation"/>
        <Attr Name="UsedIn" Val="simulation"/>
      </FileInfo>
    </File>
    <File Path="$PSRCDIR/sources_1/new/deb_ns.v">
      <FileInfo>
        <Attr Name="AutoDisabled" Val="1"/>
        <Attr Name="ImportPath" Val="$PPRDIR/../PHS_CTRL_DUMMY/PHS_CTRL_DUMMY.srcs/sources_1/new/deb_ns.v"/>
        <Attr Name="ImportTime" Val="1528367517"/>
        <Attr Name="UsedIn" Val="synthesis"/>
        <Attr Name="UsedIn" Val="implementation"/>
        <Attr Name="UsedIn" Val="simulation"/>
      </FileInfo>
    </File>
    <File Path="$PSRCDIR/sources_1/imports/clk_gen/clk_gen.veo">
      <FileInfo>
        <Attr Name="ImportPath" Val="$PPRDIR/../PHS_CTRL_DUMMY/PHS_CTRL_DUMMY.ip_user_files/ip/clk_gen/clk_gen.veo"/>
        <Attr Name="ImportTime" Val="1530523640"/>
      </FileInfo>
    </File>
    <Config>
      <Option Name="DesignMode" Val="RTL"/>
      <Option Name="TopModule" Val="PHS_CTRL"/>
    </Config>
  </FileSet>
  <FileSet Name="constrs_in" Type="Constrs" RelSrcDir="$PSRCDIR/constrs_1">
    <Filter Type="Constrs"/>
    <File Path="$PSRCDIR/constrs_1/new/PHS_CTRL.xdc">
      <FileInfo>
        <Attr Name="ImportPath" Val="$PPRDIR/../PHS_CTRL_DUMMY/PHS_CTRL_DUMMY.srcs/constrs_1/new/PHS_CTRL.xdc"/>
        <Attr Name="ImportTime" Val="1530595881"/>
        <Attr Name="UsedIn" Val="synthesis"/>
        <Attr Name="UsedIn" Val="implementation"/>
      </FileInfo>
    </File>
    <Config>
      <Option Name="TargetConstrsFile" Val="$PSRCDIR/constrs_1/new/PHS_CTRL.xdc"/>
      <Option Name="ConstrsType" Val="XDC"/>
    </Config>
  </FileSet>
  <Strategy Version="1" Minor="2">
    <StratHandle Name="Vivado Implementation Defaults" Flow="Vivado Implementation 2016">
      <Desc>Default settings for Implementation.</Desc>
    </StratHandle>
    <Step Id="init_design"/>
    <Step Id="opt_design"/>
    <Step Id="power_opt_design"/>
    <Step Id="place_design"/>
    <Step Id="post_place_power_opt_design"/>
    <Step Id="phys_opt_design"/>
    <Step Id="route_design"/>
    <Step Id="post_route_phys_opt_design"/>
    <Step Id="write_bitstream"/>
  </Strategy>
</GenRun>
