<?xml version="1.0" encoding="UTF-8"?>
<GenRun Id="synth_1" LaunchPart="xc7a100tftg256-3" LaunchTime="1530697294">
  <File Type="RDS-PROPCONSTRS" Name="PHS_CTRL_drc_synth.rpt"/>
  <File Type="PA-TCL" Name="PHS_CTRL.tcl"/>
  <File Type="RDS-RDS" Name="PHS_CTRL.vds"/>
  <File Type="RDS-UTIL" Name="PHS_CTRL_utilization_synth.rpt"/>
  <File Type="RDS-UTIL-PB" Name="PHS_CTRL_utilization_synth.pb"/>
  <File Type="RDS-DCP" Name="PHS_CTRL.dcp"/>
  <File Type="VDS-TIMINGSUMMARY" Name="PHS_CTRL_timing_summary_synth.rpt"/>
  <File Type="VDS-TIMING-PB" Name="PHS_CTRL_timing_summary_synth.pb"/>
  <FileSet Name="sources" Type="DesignSrcs" RelSrcDir="$PSRCDIR/sources_1">
    <Filter Type="Srcs"/>
    <File Path="$PSRCDIR/sources_1/new/timescale.vh">
      <FileInfo>
        <Attr Name="ImportPath" Val="$PPRDIR/../PHS_CTRL_DUMMY/PHS_CTRL_DUMMY.srcs/sources_1/new/timescale.vh"/>
        <Attr Name="ImportTime" Val="1528367517"/>
        <Attr Name="UsedIn" Val="synthesis"/>
        <Attr Name="UsedIn" Val="simulation"/>
      </FileInfo>
    </File>
    <File Path="$PSRCDIR/sources_1/new/i2cMaster.v">
      <FileInfo>
        <Attr Name="ImportPath" Val="$PPRDIR/../PHS_CTRL_DUMMY/PHS_CTRL_DUMMY.srcs/sources_1/new/i2cMaster.v"/>
        <Attr Name="ImportTime" Val="1529901782"/>
        <Attr Name="UsedIn" Val="synthesis"/>
        <Attr Name="UsedIn" Val="implementation"/>
        <Attr Name="UsedIn" Val="simulation"/>
      </FileInfo>
    </File>
    <File Path="$PSRCDIR/sources_1/new/fan_ctrl.v">
      <FileInfo>
        <Attr Name="ImportPath" Val="$PPRDIR/../PHS_CTRL_DUMMY/PHS_CTRL_DUMMY.srcs/sources_1/new/fan_ctrl.v"/>
        <Attr Name="ImportTime" Val="1529411855"/>
        <Attr Name="UsedIn" Val="synthesis"/>
        <Attr Name="UsedIn" Val="implementation"/>
        <Attr Name="UsedIn" Val="simulation"/>
      </FileInfo>
    </File>
    <File Path="$PSRCDIR/sources_1/new/i2c_read_loop.v">
      <FileInfo>
        <Attr Name="ImportPath" Val="$PPRDIR/../PHS_CTRL_DUMMY/PHS_CTRL_DUMMY.srcs/sources_1/new/i2c_read_loop.v"/>
        <Attr Name="ImportTime" Val="1529982072"/>
        <Attr Name="UsedIn" Val="synthesis"/>
        <Attr Name="UsedIn" Val="implementation"/>
        <Attr Name="UsedIn" Val="simulation"/>
      </FileInfo>
    </File>
    <File Path="$PSRCDIR/sources_1/new/i2cSlave_define.vh">
      <FileInfo>
        <Attr Name="ImportPath" Val="$PPRDIR/../PHS_CTRL_DUMMY/PHS_CTRL_DUMMY.srcs/sources_1/new/i2cSlave_define.vh"/>
        <Attr Name="ImportTime" Val="1529049450"/>
        <Attr Name="UsedIn" Val="synthesis"/>
        <Attr Name="UsedIn" Val="simulation"/>
      </FileInfo>
    </File>
    <File Path="$PSRCDIR/sources_1/new/serialInterface.v">
      <FileInfo>
        <Attr Name="ImportPath" Val="$PPRDIR/../PHS_CTRL_DUMMY/PHS_CTRL_DUMMY.srcs/sources_1/new/serialInterface.v"/>
        <Attr Name="ImportTime" Val="1529657667"/>
        <Attr Name="UsedIn" Val="synthesis"/>
        <Attr Name="UsedIn" Val="implementation"/>
        <Attr Name="UsedIn" Val="simulation"/>
      </FileInfo>
    </File>
    <File Path="$PSRCDIR/sources_1/new/amp_ctrl.v">
      <FileInfo>
        <Attr Name="ImportPath" Val="$PPRDIR/../PHS_CTRL_DUMMY/PHS_CTRL_DUMMY.srcs/sources_1/new/amp_ctrl.v"/>
        <Attr Name="ImportTime" Val="1530261750"/>
        <Attr Name="UsedIn" Val="synthesis"/>
        <Attr Name="UsedIn" Val="implementation"/>
        <Attr Name="UsedIn" Val="simulation"/>
      </FileInfo>
    </File>
    <File Path="$PSRCDIR/sources_1/new/dna.v">
      <FileInfo>
        <Attr Name="ImportPath" Val="$PPRDIR/../PHS_CTRL_DUMMY/PHS_CTRL_DUMMY.srcs/sources_1/new/dna.v"/>
        <Attr Name="ImportTime" Val="1529051226"/>
        <Attr Name="UsedIn" Val="synthesis"/>
        <Attr Name="UsedIn" Val="implementation"/>
        <Attr Name="UsedIn" Val="simulation"/>
      </FileInfo>
    </File>
    <File Path="$PSRCDIR/sources_1/new/fan_temp.v">
      <FileInfo>
        <Attr Name="ImportPath" Val="$PPRDIR/../PHS_CTRL_DUMMY/PHS_CTRL_DUMMY.srcs/sources_1/new/fan_temp.v"/>
        <Attr Name="ImportTime" Val="1529411977"/>
        <Attr Name="UsedIn" Val="synthesis"/>
        <Attr Name="UsedIn" Val="implementation"/>
        <Attr Name="UsedIn" Val="simulation"/>
      </FileInfo>
    </File>
    <File Path="$PSRCDIR/sources_1/new/i2cSlave.v">
      <FileInfo>
        <Attr Name="ImportPath" Val="$PPRDIR/../PHS_CTRL_DUMMY/PHS_CTRL_DUMMY.srcs/sources_1/new/i2cSlave.v"/>
        <Attr Name="ImportTime" Val="1530499949"/>
        <Attr Name="UsedIn" Val="synthesis"/>
        <Attr Name="UsedIn" Val="implementation"/>
        <Attr Name="UsedIn" Val="simulation"/>
      </FileInfo>
    </File>
    <File Path="$PSRCDIR/sources_1/new/sync.v">
      <FileInfo>
        <Attr Name="ImportPath" Val="$PPRDIR/../PHS_CTRL_DUMMY/PHS_CTRL_DUMMY.srcs/sources_1/new/sync.v"/>
        <Attr Name="ImportTime" Val="1529050890"/>
        <Attr Name="UsedIn" Val="synthesis"/>
        <Attr Name="UsedIn" Val="implementation"/>
        <Attr Name="UsedIn" Val="simulation"/>
      </FileInfo>
    </File>
    <File Path="$PSRCDIR/sources_1/ip/clk_gen/clk_gen.xci">
      <FileInfo>
        <Attr Name="UsedIn" Val="synthesis"/>
        <Attr Name="UsedIn" Val="implementation"/>
        <Attr Name="UsedIn" Val="simulation"/>
      </FileInfo>
    </File>
    <File Path="$PSRCDIR/sources_1/new/hardwarefpgadefine.vh">
      <FileInfo>
        <Attr Name="ImportPath" Val="$PPRDIR/../PHS_CTRL_DUMMY/PHS_CTRL_DUMMY.srcs/sources_1/new/hardwarefpgadefine.vh"/>
        <Attr Name="ImportTime" Val="1529048049"/>
        <Attr Name="UsedIn" Val="synthesis"/>
        <Attr Name="UsedIn" Val="simulation"/>
      </FileInfo>
    </File>
    <File Path="$PSRCDIR/sources_1/new/phasefpgaregdef.vh">
      <FileInfo>
        <Attr Name="ImportPath" Val="$PPRDIR/../PHS_CTRL_DUMMY/PHS_CTRL_DUMMY.srcs/sources_1/new/phasefpgaregdef.vh"/>
        <Attr Name="ImportTime" Val="1529414618"/>
        <Attr Name="UsedIn" Val="synthesis"/>
        <Attr Name="UsedIn" Val="simulation"/>
      </FileInfo>
    </File>
    <File Path="$PSRCDIR/sources_1/new/controlfpgaregdef.vh">
      <FileInfo>
        <Attr Name="ImportPath" Val="$PPRDIR/../PHS_CTRL_DUMMY/PHS_CTRL_DUMMY.srcs/sources_1/new/controlfpgaregdef.vh"/>
        <Attr Name="ImportTime" Val="1528367517"/>
        <Attr Name="UsedIn" Val="synthesis"/>
        <Attr Name="UsedIn" Val="simulation"/>
      </FileInfo>
    </File>
    <File Path="$PSRCDIR/sources_1/new/PHS_CRTL.v">
      <FileInfo>
        <Attr Name="ImportPath" Val="$PPRDIR/../PHS_CTRL_DUMMY/PHS_CTRL_DUMMY.srcs/sources_1/new/PHS_CRTL.v"/>
        <Attr Name="ImportTime" Val="1530582602"/>
        <Attr Name="UsedIn" Val="synthesis"/>
        <Attr Name="UsedIn" Val="implementation"/>
        <Attr Name="UsedIn" Val="simulation"/>
      </FileInfo>
    </File>
    <File Path="$PSRCDIR/sources_1/new/phs_gen.v">
      <FileInfo>
        <Attr Name="AutoDisabled" Val="1"/>
        <Attr Name="ImportPath" Val="$PPRDIR/../PHS_CTRL_DUMMY/PHS_CTRL_DUMMY.srcs/sources_1/new/phs_gen.v"/>
        <Attr Name="ImportTime" Val="1529051041"/>
        <Attr Name="UsedIn" Val="synthesis"/>
        <Attr Name="UsedIn" Val="implementation"/>
        <Attr Name="UsedIn" Val="simulation"/>
      </FileInfo>
    </File>
    <File Path="$PSRCDIR/sources_1/new/phs.v">
      <FileInfo>
        <Attr Name="AutoDisabled" Val="1"/>
        <Attr Name="ImportPath" Val="$PPRDIR/../PHS_CTRL_DUMMY/PHS_CTRL_DUMMY.srcs/sources_1/new/phs.v"/>
        <Attr Name="ImportTime" Val="1529050990"/>
        <Attr Name="UsedIn" Val="synthesis"/>
        <Attr Name="UsedIn" Val="implementation"/>
        <Attr Name="UsedIn" Val="simulation"/>
      </FileInfo>
    </File>
    <File Path="$PSRCDIR/sources_1/new/deb_ns.v">
      <FileInfo>
        <Attr Name="AutoDisabled" Val="1"/>
        <Attr Name="ImportPath" Val="$PPRDIR/../PHS_CTRL_DUMMY/PHS_CTRL_DUMMY.srcs/sources_1/new/deb_ns.v"/>
        <Attr Name="ImportTime" Val="1528367517"/>
        <Attr Name="UsedIn" Val="synthesis"/>
        <Attr Name="UsedIn" Val="implementation"/>
        <Attr Name="UsedIn" Val="simulation"/>
      </FileInfo>
    </File>
    <File Path="$PSRCDIR/sources_1/imports/clk_gen/clk_gen.veo">
      <FileInfo>
        <Attr Name="ImportPath" Val="$PPRDIR/../PHS_CTRL_DUMMY/PHS_CTRL_DUMMY.ip_user_files/ip/clk_gen/clk_gen.veo"/>
        <Attr Name="ImportTime" Val="1530523640"/>
      </FileInfo>
    </File>
    <Config>
      <Option Name="DesignMode" Val="RTL"/>
      <Option Name="TopModule" Val="PHS_CTRL"/>
    </Config>
  </FileSet>
  <FileSet Name="constrs_in" Type="Constrs" RelSrcDir="$PSRCDIR/constrs_1">
    <Filter Type="Constrs"/>
    <File Path="$PSRCDIR/constrs_1/new/PHS_CTRL.xdc">
      <FileInfo>
        <Attr Name="ImportPath" Val="$PPRDIR/../PHS_CTRL_DUMMY/PHS_CTRL_DUMMY.srcs/constrs_1/new/PHS_CTRL.xdc"/>
        <Attr Name="ImportTime" Val="1530595881"/>
        <Attr Name="UsedIn" Val="synthesis"/>
        <Attr Name="UsedIn" Val="implementation"/>
      </FileInfo>
    </File>
    <Config>
      <Option Name="TargetConstrsFile" Val="$PSRCDIR/constrs_1/new/PHS_CTRL.xdc"/>
      <Option Name="ConstrsType" Val="XDC"/>
    </Config>
  </FileSet>
  <Strategy Version="1" Minor="2">
    <StratHandle Name="Vivado Synthesis Defaults" Flow="Vivado Synthesis 2016">
      <Desc>Vivado Synthesis Defaults</Desc>
    </StratHandle>
    <Step Id="synth_design"/>
  </Strategy>
</GenRun>
