<?xml version="1.0" encoding="UTF-8"?>
<!-- Product Version: Vivado v2016.4 (64-bit)                     -->
<!--                                                              -->
<!-- Copyright 1986-2016 Xilinx, Inc. All Rights Reserved.        -->

<hwsession version="1" minor="2">
  <device name="xc7a100t_0" gui_info=""/>
  <ObjectList object_type="hw_device" gui_info="">
    <Object name="xc7a100t_0" gui_info="">
      <Properties Property="PROBES.FILE" value=""/>
      <Properties Property="PROGRAM.HW_BITSTREAM" value="$_project_name_.runs/impl_1/PHS_CTRL.bit"/>
    </Object>
    <Object name="xc7a35t_0" gui_info="">
      <Properties Property="FULL_PROBES.FILE" value="$_project_name_.runs/impl_1/PHS_CTRL.ltx"/>
      <Properties Property="PROBES.FILE" value="$_project_name_.runs/impl_1/PHS_CTRL.ltx"/>
      <Properties Property="PROGRAM.HW_BITSTREAM" value="$_project_name_.runs/impl_1/PHS_CTRL.bit"/>
      <Properties Property="SLR.COUNT" value="1"/>
    </Object>
  </ObjectList>
  <ObjectList object_type="hw_ila" gui_info="">
    <Object name="" gui_info="">
      <Properties Property="CONTROL.TRIGGER_CONDITION" value="AND"/>
      <Properties Property="CORE_REFRESH_RATE_MS" value="500"/>
    </Object>
    <Object name="u_ila_0" gui_info="">
      <Properties Property="CONTROL.DATA_DEPTH" value="128"/>
      <Properties Property="CONTROL.TRIGGER_CONDITION" value="AND"/>
      <Properties Property="CONTROL.TRIGGER_POSITION" value="63"/>
      <Properties Property="CONTROL.WINDOW_COUNT" value="2"/>
      <Properties Property="CORE_REFRESH_RATE_MS" value="50"/>
    </Object>
  </ObjectList>
  <ObjectList object_type="hw_probe" gui_info="">
    <Object name="amp_scl_out[63:0]" gui_info="Trigger Setup=0"/>
    <Object name="amp_sda_in_VI_tmp[63:0]" gui_info="Trigger Setup=0"/>
    <Object name="amp_sda_out[63:0]" gui_info="Trigger Setup=0"/>
    <Object name="s_CurrState_SISt_VI[255:0]" gui_info="Trigger Setup=0"/>
  </ObjectList>
  <probeset name="hw project" active="false">
    <probe type="ila" busType="net" source="netlist" spec="ILA_V2_RT">
      <probeOptions Id="DebugProbeParams">
        <Option Id="CAPTURE_COMPARE_VALUE" value="eq64&apos;hXXXX_XXXX_XXXX_XXXX"/>
        <Option Id="COMPARE_VALUE.0" value="neq64&apos;b1111_1111_1111_1111_1111_1111_1111_1111_1111_1111_1111_1111_1111_1111_1111_1111"/>
        <Option Id="DISPLAY_HINT" value=""/>
        <Option Id="DISPLAY_VISIBILITY" value=""/>
        <Option Id="HW_ILA" value="hw_ila_1"/>
        <Option Id="MAP" value="probe0[63:0]"/>
        <Option Id="NAME.CUSTOM" value=""/>
        <Option Id="NAME.SELECT" value="Long"/>
        <Option Id="SOURCE" value="netlist"/>
        <Option Id="TRIGGER_COMPARE_VALUE" value="neq64&apos;b1111_1111_1111_1111_1111_1111_1111_1111_1111_1111_1111_1111_1111_1111_1111_1111"/>
      </probeOptions>
      <nets>
        <net name="amp_scl_out[63]"/>
        <net name="amp_scl_out[62]"/>
        <net name="amp_scl_out[61]"/>
        <net name="amp_scl_out[60]"/>
        <net name="amp_scl_out[59]"/>
        <net name="amp_scl_out[58]"/>
        <net name="amp_scl_out[57]"/>
        <net name="amp_scl_out[56]"/>
        <net name="amp_scl_out[55]"/>
        <net name="amp_scl_out[54]"/>
        <net name="amp_scl_out[53]"/>
        <net name="amp_scl_out[52]"/>
        <net name="amp_scl_out[51]"/>
        <net name="amp_scl_out[50]"/>
        <net name="amp_scl_out[49]"/>
        <net name="amp_scl_out[48]"/>
        <net name="amp_scl_out[47]"/>
        <net name="amp_scl_out[46]"/>
        <net name="amp_scl_out[45]"/>
        <net name="amp_scl_out[44]"/>
        <net name="amp_scl_out[43]"/>
        <net name="amp_scl_out[42]"/>
        <net name="amp_scl_out[41]"/>
        <net name="amp_scl_out[40]"/>
        <net name="amp_scl_out[39]"/>
        <net name="amp_scl_out[38]"/>
        <net name="amp_scl_out[37]"/>
        <net name="amp_scl_out[36]"/>
        <net name="amp_scl_out[35]"/>
        <net name="amp_scl_out[34]"/>
        <net name="amp_scl_out[33]"/>
        <net name="amp_scl_out[32]"/>
        <net name="amp_scl_out[31]"/>
        <net name="amp_scl_out[30]"/>
        <net name="amp_scl_out[29]"/>
        <net name="amp_scl_out[28]"/>
        <net name="amp_scl_out[27]"/>
        <net name="amp_scl_out[26]"/>
        <net name="amp_scl_out[25]"/>
        <net name="amp_scl_out[24]"/>
        <net name="amp_scl_out[23]"/>
        <net name="amp_scl_out[22]"/>
        <net name="amp_scl_out[21]"/>
        <net name="amp_scl_out[20]"/>
        <net name="amp_scl_out[19]"/>
        <net name="amp_scl_out[18]"/>
        <net name="amp_scl_out[17]"/>
        <net name="amp_scl_out[16]"/>
        <net name="amp_scl_out[15]"/>
        <net name="amp_scl_out[14]"/>
        <net name="amp_scl_out[13]"/>
        <net name="amp_scl_out[12]"/>
        <net name="amp_scl_out[11]"/>
        <net name="amp_scl_out[10]"/>
        <net name="amp_scl_out[9]"/>
        <net name="amp_scl_out[8]"/>
        <net name="amp_scl_out[7]"/>
        <net name="amp_scl_out[6]"/>
        <net name="amp_scl_out[5]"/>
        <net name="amp_scl_out[4]"/>
        <net name="amp_scl_out[3]"/>
        <net name="amp_scl_out[2]"/>
        <net name="amp_scl_out[1]"/>
        <net name="amp_scl_out[0]"/>
      </nets>
    </probe>
    <probe type="ila" busType="net" source="netlist" spec="ILA_V2_RT">
      <probeOptions Id="DebugProbeParams">
        <Option Id="CAPTURE_COMPARE_VALUE" value="eq64&apos;hXXXX_XXXX_XXXX_XXXX"/>
        <Option Id="COMPARE_VALUE.0" value="eq64&apos;h1111_1111_1111_1110"/>
        <Option Id="DISPLAY_HINT" value=""/>
        <Option Id="DISPLAY_VISIBILITY" value=""/>
        <Option Id="HW_ILA" value="hw_ila_1"/>
        <Option Id="MAP" value="probe0[63:0]"/>
        <Option Id="NAME.CUSTOM" value=""/>
        <Option Id="NAME.SELECT" value="Long"/>
        <Option Id="SOURCE" value="netlist"/>
        <Option Id="TRIGGER_COMPARE_VALUE" value="eq64&apos;h1111_1111_1111_1110"/>
      </probeOptions>
      <nets>
        <net name="amp_sda_in_VI_tmp[63]"/>
        <net name="amp_sda_in_VI_tmp[62]"/>
        <net name="amp_sda_in_VI_tmp[61]"/>
        <net name="amp_sda_in_VI_tmp[60]"/>
        <net name="amp_sda_in_VI_tmp[59]"/>
        <net name="amp_sda_in_VI_tmp[58]"/>
        <net name="amp_sda_in_VI_tmp[57]"/>
        <net name="amp_sda_in_VI_tmp[56]"/>
        <net name="amp_sda_in_VI_tmp[55]"/>
        <net name="amp_sda_in_VI_tmp[54]"/>
        <net name="amp_sda_in_VI_tmp[53]"/>
        <net name="amp_sda_in_VI_tmp[52]"/>
        <net name="amp_sda_in_VI_tmp[51]"/>
        <net name="amp_sda_in_VI_tmp[50]"/>
        <net name="amp_sda_in_VI_tmp[49]"/>
        <net name="amp_sda_in_VI_tmp[48]"/>
        <net name="amp_sda_in_VI_tmp[47]"/>
        <net name="amp_sda_in_VI_tmp[46]"/>
        <net name="amp_sda_in_VI_tmp[45]"/>
        <net name="amp_sda_in_VI_tmp[44]"/>
        <net name="amp_sda_in_VI_tmp[43]"/>
        <net name="amp_sda_in_VI_tmp[42]"/>
        <net name="amp_sda_in_VI_tmp[41]"/>
        <net name="amp_sda_in_VI_tmp[40]"/>
        <net name="amp_sda_in_VI_tmp[39]"/>
        <net name="amp_sda_in_VI_tmp[38]"/>
        <net name="amp_sda_in_VI_tmp[37]"/>
        <net name="amp_sda_in_VI_tmp[36]"/>
        <net name="amp_sda_in_VI_tmp[35]"/>
        <net name="amp_sda_in_VI_tmp[34]"/>
        <net name="amp_sda_in_VI_tmp[33]"/>
        <net name="amp_sda_in_VI_tmp[32]"/>
        <net name="amp_sda_in_VI_tmp[31]"/>
        <net name="amp_sda_in_VI_tmp[30]"/>
        <net name="amp_sda_in_VI_tmp[29]"/>
        <net name="amp_sda_in_VI_tmp[28]"/>
        <net name="amp_sda_in_VI_tmp[27]"/>
        <net name="amp_sda_in_VI_tmp[26]"/>
        <net name="amp_sda_in_VI_tmp[25]"/>
        <net name="amp_sda_in_VI_tmp[24]"/>
        <net name="amp_sda_in_VI_tmp[23]"/>
        <net name="amp_sda_in_VI_tmp[22]"/>
        <net name="amp_sda_in_VI_tmp[21]"/>
        <net name="amp_sda_in_VI_tmp[20]"/>
        <net name="amp_sda_in_VI_tmp[19]"/>
        <net name="amp_sda_in_VI_tmp[18]"/>
        <net name="amp_sda_in_VI_tmp[17]"/>
        <net name="amp_sda_in_VI_tmp[16]"/>
        <net name="amp_sda_in_VI_tmp[15]"/>
        <net name="amp_sda_in_VI_tmp[14]"/>
        <net name="amp_sda_in_VI_tmp[13]"/>
        <net name="amp_sda_in_VI_tmp[12]"/>
        <net name="amp_sda_in_VI_tmp[11]"/>
        <net name="amp_sda_in_VI_tmp[10]"/>
        <net name="amp_sda_in_VI_tmp[9]"/>
        <net name="amp_sda_in_VI_tmp[8]"/>
        <net name="amp_sda_in_VI_tmp[7]"/>
        <net name="amp_sda_in_VI_tmp[6]"/>
        <net name="amp_sda_in_VI_tmp[5]"/>
        <net name="amp_sda_in_VI_tmp[4]"/>
        <net name="amp_sda_in_VI_tmp[3]"/>
        <net name="amp_sda_in_VI_tmp[2]"/>
        <net name="amp_sda_in_VI_tmp[1]"/>
        <net name="amp_sda_in_VI_tmp[0]"/>
      </nets>
    </probe>
    <probe type="ila" busType="net" source="netlist" spec="ILA_V2_RT">
      <probeOptions Id="DebugProbeParams">
        <Option Id="CAPTURE_COMPARE_VALUE" value="eq64&apos;hXXXX_XXXX_XXXX_XXXX"/>
        <Option Id="COMPARE_VALUE.0" value="eq64&apos;b1111_1111_1111_1111_1111_1111_1111_1111_1111_1111_1111_1111_1111_1111_1111_1110"/>
        <Option Id="DISPLAY_HINT" value=""/>
        <Option Id="DISPLAY_VISIBILITY" value=""/>
        <Option Id="HW_ILA" value="hw_ila_1"/>
        <Option Id="MAP" value="probe0[63:0]"/>
        <Option Id="NAME.CUSTOM" value=""/>
        <Option Id="NAME.SELECT" value="Long"/>
        <Option Id="SOURCE" value="netlist"/>
        <Option Id="TRIGGER_COMPARE_VALUE" value="eq64&apos;b1111_1111_1111_1111_1111_1111_1111_1111_1111_1111_1111_1111_1111_1111_1111_1110"/>
      </probeOptions>
      <nets>
        <net name="amp_sda_out[63]"/>
        <net name="amp_sda_out[62]"/>
        <net name="amp_sda_out[61]"/>
        <net name="amp_sda_out[60]"/>
        <net name="amp_sda_out[59]"/>
        <net name="amp_sda_out[58]"/>
        <net name="amp_sda_out[57]"/>
        <net name="amp_sda_out[56]"/>
        <net name="amp_sda_out[55]"/>
        <net name="amp_sda_out[54]"/>
        <net name="amp_sda_out[53]"/>
        <net name="amp_sda_out[52]"/>
        <net name="amp_sda_out[51]"/>
        <net name="amp_sda_out[50]"/>
        <net name="amp_sda_out[49]"/>
        <net name="amp_sda_out[48]"/>
        <net name="amp_sda_out[47]"/>
        <net name="amp_sda_out[46]"/>
        <net name="amp_sda_out[45]"/>
        <net name="amp_sda_out[44]"/>
        <net name="amp_sda_out[43]"/>
        <net name="amp_sda_out[42]"/>
        <net name="amp_sda_out[41]"/>
        <net name="amp_sda_out[40]"/>
        <net name="amp_sda_out[39]"/>
        <net name="amp_sda_out[38]"/>
        <net name="amp_sda_out[37]"/>
        <net name="amp_sda_out[36]"/>
        <net name="amp_sda_out[35]"/>
        <net name="amp_sda_out[34]"/>
        <net name="amp_sda_out[33]"/>
        <net name="amp_sda_out[32]"/>
        <net name="amp_sda_out[31]"/>
        <net name="amp_sda_out[30]"/>
        <net name="amp_sda_out[29]"/>
        <net name="amp_sda_out[28]"/>
        <net name="amp_sda_out[27]"/>
        <net name="amp_sda_out[26]"/>
        <net name="amp_sda_out[25]"/>
        <net name="amp_sda_out[24]"/>
        <net name="amp_sda_out[23]"/>
        <net name="amp_sda_out[22]"/>
        <net name="amp_sda_out[21]"/>
        <net name="amp_sda_out[20]"/>
        <net name="amp_sda_out[19]"/>
        <net name="amp_sda_out[18]"/>
        <net name="amp_sda_out[17]"/>
        <net name="amp_sda_out[16]"/>
        <net name="amp_sda_out[15]"/>
        <net name="amp_sda_out[14]"/>
        <net name="amp_sda_out[13]"/>
        <net name="amp_sda_out[12]"/>
        <net name="amp_sda_out[11]"/>
        <net name="amp_sda_out[10]"/>
        <net name="amp_sda_out[9]"/>
        <net name="amp_sda_out[8]"/>
        <net name="amp_sda_out[7]"/>
        <net name="amp_sda_out[6]"/>
        <net name="amp_sda_out[5]"/>
        <net name="amp_sda_out[4]"/>
        <net name="amp_sda_out[3]"/>
        <net name="amp_sda_out[2]"/>
        <net name="amp_sda_out[1]"/>
        <net name="amp_sda_out[0]"/>
      </nets>
    </probe>
    <probe type="ila" busType="net" source="netlist" spec="ILA_V2_RT">
      <probeOptions Id="DebugProbeParams">
        <Option Id="CAPTURE_COMPARE_VALUE" value="eq256&apos;hXXXX_XXXX_XXXX_XXXX_XXXX_XXXX_XXXX_XXXX_XXXX_XXXX_XXXX_XXXX_XXXX_XXXX_XXXX_XXXX"/>
        <Option Id="COMPARE_VALUE.0" value="neq256&apos;h0000_0000_0000_0000_0000_0000_0000_0000_0000_0000_0000_0000_0000_0000_0000_0000"/>
        <Option Id="DISPLAY_HINT" value=""/>
        <Option Id="DISPLAY_VISIBILITY" value=""/>
        <Option Id="HW_ILA" value="hw_ila_1"/>
        <Option Id="MAP" value="probe0[255:0]"/>
        <Option Id="NAME.CUSTOM" value=""/>
        <Option Id="NAME.SELECT" value="Long"/>
        <Option Id="SOURCE" value="netlist"/>
        <Option Id="TRIGGER_COMPARE_VALUE" value="neq256&apos;h0000_0000_0000_0000_0000_0000_0000_0000_0000_0000_0000_0000_0000_0000_0000_0000"/>
      </probeOptions>
      <nets>
        <net name="s_CurrState_SISt_VI[255]"/>
        <net name="s_CurrState_SISt_VI[254]"/>
        <net name="s_CurrState_SISt_VI[253]"/>
        <net name="s_CurrState_SISt_VI[252]"/>
        <net name="s_CurrState_SISt_VI[251]"/>
        <net name="s_CurrState_SISt_VI[250]"/>
        <net name="s_CurrState_SISt_VI[249]"/>
        <net name="s_CurrState_SISt_VI[248]"/>
        <net name="s_CurrState_SISt_VI[247]"/>
        <net name="s_CurrState_SISt_VI[246]"/>
        <net name="s_CurrState_SISt_VI[245]"/>
        <net name="s_CurrState_SISt_VI[244]"/>
        <net name="s_CurrState_SISt_VI[243]"/>
        <net name="s_CurrState_SISt_VI[242]"/>
        <net name="s_CurrState_SISt_VI[241]"/>
        <net name="s_CurrState_SISt_VI[240]"/>
        <net name="s_CurrState_SISt_VI[239]"/>
        <net name="s_CurrState_SISt_VI[238]"/>
        <net name="s_CurrState_SISt_VI[237]"/>
        <net name="s_CurrState_SISt_VI[236]"/>
        <net name="s_CurrState_SISt_VI[235]"/>
        <net name="s_CurrState_SISt_VI[234]"/>
        <net name="s_CurrState_SISt_VI[233]"/>
        <net name="s_CurrState_SISt_VI[232]"/>
        <net name="s_CurrState_SISt_VI[231]"/>
        <net name="s_CurrState_SISt_VI[230]"/>
        <net name="s_CurrState_SISt_VI[229]"/>
        <net name="s_CurrState_SISt_VI[228]"/>
        <net name="s_CurrState_SISt_VI[227]"/>
        <net name="s_CurrState_SISt_VI[226]"/>
        <net name="s_CurrState_SISt_VI[225]"/>
        <net name="s_CurrState_SISt_VI[224]"/>
        <net name="s_CurrState_SISt_VI[223]"/>
        <net name="s_CurrState_SISt_VI[222]"/>
        <net name="s_CurrState_SISt_VI[221]"/>
        <net name="s_CurrState_SISt_VI[220]"/>
        <net name="s_CurrState_SISt_VI[219]"/>
        <net name="s_CurrState_SISt_VI[218]"/>
        <net name="s_CurrState_SISt_VI[217]"/>
        <net name="s_CurrState_SISt_VI[216]"/>
        <net name="s_CurrState_SISt_VI[215]"/>
        <net name="s_CurrState_SISt_VI[214]"/>
        <net name="s_CurrState_SISt_VI[213]"/>
        <net name="s_CurrState_SISt_VI[212]"/>
        <net name="s_CurrState_SISt_VI[211]"/>
        <net name="s_CurrState_SISt_VI[210]"/>
        <net name="s_CurrState_SISt_VI[209]"/>
        <net name="s_CurrState_SISt_VI[208]"/>
        <net name="s_CurrState_SISt_VI[207]"/>
        <net name="s_CurrState_SISt_VI[206]"/>
        <net name="s_CurrState_SISt_VI[205]"/>
        <net name="s_CurrState_SISt_VI[204]"/>
        <net name="s_CurrState_SISt_VI[203]"/>
        <net name="s_CurrState_SISt_VI[202]"/>
        <net name="s_CurrState_SISt_VI[201]"/>
        <net name="s_CurrState_SISt_VI[200]"/>
        <net name="s_CurrState_SISt_VI[199]"/>
        <net name="s_CurrState_SISt_VI[198]"/>
        <net name="s_CurrState_SISt_VI[197]"/>
        <net name="s_CurrState_SISt_VI[196]"/>
        <net name="s_CurrState_SISt_VI[195]"/>
        <net name="s_CurrState_SISt_VI[194]"/>
        <net name="s_CurrState_SISt_VI[193]"/>
        <net name="s_CurrState_SISt_VI[192]"/>
        <net name="s_CurrState_SISt_VI[191]"/>
        <net name="s_CurrState_SISt_VI[190]"/>
        <net name="s_CurrState_SISt_VI[189]"/>
        <net name="s_CurrState_SISt_VI[188]"/>
        <net name="s_CurrState_SISt_VI[187]"/>
        <net name="s_CurrState_SISt_VI[186]"/>
        <net name="s_CurrState_SISt_VI[185]"/>
        <net name="s_CurrState_SISt_VI[184]"/>
        <net name="s_CurrState_SISt_VI[183]"/>
        <net name="s_CurrState_SISt_VI[182]"/>
        <net name="s_CurrState_SISt_VI[181]"/>
        <net name="s_CurrState_SISt_VI[180]"/>
        <net name="s_CurrState_SISt_VI[179]"/>
        <net name="s_CurrState_SISt_VI[178]"/>
        <net name="s_CurrState_SISt_VI[177]"/>
        <net name="s_CurrState_SISt_VI[176]"/>
        <net name="s_CurrState_SISt_VI[175]"/>
        <net name="s_CurrState_SISt_VI[174]"/>
        <net name="s_CurrState_SISt_VI[173]"/>
        <net name="s_CurrState_SISt_VI[172]"/>
        <net name="s_CurrState_SISt_VI[171]"/>
        <net name="s_CurrState_SISt_VI[170]"/>
        <net name="s_CurrState_SISt_VI[169]"/>
        <net name="s_CurrState_SISt_VI[168]"/>
        <net name="s_CurrState_SISt_VI[167]"/>
        <net name="s_CurrState_SISt_VI[166]"/>
        <net name="s_CurrState_SISt_VI[165]"/>
        <net name="s_CurrState_SISt_VI[164]"/>
        <net name="s_CurrState_SISt_VI[163]"/>
        <net name="s_CurrState_SISt_VI[162]"/>
        <net name="s_CurrState_SISt_VI[161]"/>
        <net name="s_CurrState_SISt_VI[160]"/>
        <net name="s_CurrState_SISt_VI[159]"/>
        <net name="s_CurrState_SISt_VI[158]"/>
        <net name="s_CurrState_SISt_VI[157]"/>
        <net name="s_CurrState_SISt_VI[156]"/>
        <net name="s_CurrState_SISt_VI[155]"/>
        <net name="s_CurrState_SISt_VI[154]"/>
        <net name="s_CurrState_SISt_VI[153]"/>
        <net name="s_CurrState_SISt_VI[152]"/>
        <net name="s_CurrState_SISt_VI[151]"/>
        <net name="s_CurrState_SISt_VI[150]"/>
        <net name="s_CurrState_SISt_VI[149]"/>
        <net name="s_CurrState_SISt_VI[148]"/>
        <net name="s_CurrState_SISt_VI[147]"/>
        <net name="s_CurrState_SISt_VI[146]"/>
        <net name="s_CurrState_SISt_VI[145]"/>
        <net name="s_CurrState_SISt_VI[144]"/>
        <net name="s_CurrState_SISt_VI[143]"/>
        <net name="s_CurrState_SISt_VI[142]"/>
        <net name="s_CurrState_SISt_VI[141]"/>
        <net name="s_CurrState_SISt_VI[140]"/>
        <net name="s_CurrState_SISt_VI[139]"/>
        <net name="s_CurrState_SISt_VI[138]"/>
        <net name="s_CurrState_SISt_VI[137]"/>
        <net name="s_CurrState_SISt_VI[136]"/>
        <net name="s_CurrState_SISt_VI[135]"/>
        <net name="s_CurrState_SISt_VI[134]"/>
        <net name="s_CurrState_SISt_VI[133]"/>
        <net name="s_CurrState_SISt_VI[132]"/>
        <net name="s_CurrState_SISt_VI[131]"/>
        <net name="s_CurrState_SISt_VI[130]"/>
        <net name="s_CurrState_SISt_VI[129]"/>
        <net name="s_CurrState_SISt_VI[128]"/>
        <net name="s_CurrState_SISt_VI[127]"/>
        <net name="s_CurrState_SISt_VI[126]"/>
        <net name="s_CurrState_SISt_VI[125]"/>
        <net name="s_CurrState_SISt_VI[124]"/>
        <net name="s_CurrState_SISt_VI[123]"/>
        <net name="s_CurrState_SISt_VI[122]"/>
        <net name="s_CurrState_SISt_VI[121]"/>
        <net name="s_CurrState_SISt_VI[120]"/>
        <net name="s_CurrState_SISt_VI[119]"/>
        <net name="s_CurrState_SISt_VI[118]"/>
        <net name="s_CurrState_SISt_VI[117]"/>
        <net name="s_CurrState_SISt_VI[116]"/>
        <net name="s_CurrState_SISt_VI[115]"/>
        <net name="s_CurrState_SISt_VI[114]"/>
        <net name="s_CurrState_SISt_VI[113]"/>
        <net name="s_CurrState_SISt_VI[112]"/>
        <net name="s_CurrState_SISt_VI[111]"/>
        <net name="s_CurrState_SISt_VI[110]"/>
        <net name="s_CurrState_SISt_VI[109]"/>
        <net name="s_CurrState_SISt_VI[108]"/>
        <net name="s_CurrState_SISt_VI[107]"/>
        <net name="s_CurrState_SISt_VI[106]"/>
        <net name="s_CurrState_SISt_VI[105]"/>
        <net name="s_CurrState_SISt_VI[104]"/>
        <net name="s_CurrState_SISt_VI[103]"/>
        <net name="s_CurrState_SISt_VI[102]"/>
        <net name="s_CurrState_SISt_VI[101]"/>
        <net name="s_CurrState_SISt_VI[100]"/>
        <net name="s_CurrState_SISt_VI[99]"/>
        <net name="s_CurrState_SISt_VI[98]"/>
        <net name="s_CurrState_SISt_VI[97]"/>
        <net name="s_CurrState_SISt_VI[96]"/>
        <net name="s_CurrState_SISt_VI[95]"/>
        <net name="s_CurrState_SISt_VI[94]"/>
        <net name="s_CurrState_SISt_VI[93]"/>
        <net name="s_CurrState_SISt_VI[92]"/>
        <net name="s_CurrState_SISt_VI[91]"/>
        <net name="s_CurrState_SISt_VI[90]"/>
        <net name="s_CurrState_SISt_VI[89]"/>
        <net name="s_CurrState_SISt_VI[88]"/>
        <net name="s_CurrState_SISt_VI[87]"/>
        <net name="s_CurrState_SISt_VI[86]"/>
        <net name="s_CurrState_SISt_VI[85]"/>
        <net name="s_CurrState_SISt_VI[84]"/>
        <net name="s_CurrState_SISt_VI[83]"/>
        <net name="s_CurrState_SISt_VI[82]"/>
        <net name="s_CurrState_SISt_VI[81]"/>
        <net name="s_CurrState_SISt_VI[80]"/>
        <net name="s_CurrState_SISt_VI[79]"/>
        <net name="s_CurrState_SISt_VI[78]"/>
        <net name="s_CurrState_SISt_VI[77]"/>
        <net name="s_CurrState_SISt_VI[76]"/>
        <net name="s_CurrState_SISt_VI[75]"/>
        <net name="s_CurrState_SISt_VI[74]"/>
        <net name="s_CurrState_SISt_VI[73]"/>
        <net name="s_CurrState_SISt_VI[72]"/>
        <net name="s_CurrState_SISt_VI[71]"/>
        <net name="s_CurrState_SISt_VI[70]"/>
        <net name="s_CurrState_SISt_VI[69]"/>
        <net name="s_CurrState_SISt_VI[68]"/>
        <net name="s_CurrState_SISt_VI[67]"/>
        <net name="s_CurrState_SISt_VI[66]"/>
        <net name="s_CurrState_SISt_VI[65]"/>
        <net name="s_CurrState_SISt_VI[64]"/>
        <net name="s_CurrState_SISt_VI[63]"/>
        <net name="s_CurrState_SISt_VI[62]"/>
        <net name="s_CurrState_SISt_VI[61]"/>
        <net name="s_CurrState_SISt_VI[60]"/>
        <net name="s_CurrState_SISt_VI[59]"/>
        <net name="s_CurrState_SISt_VI[58]"/>
        <net name="s_CurrState_SISt_VI[57]"/>
        <net name="s_CurrState_SISt_VI[56]"/>
        <net name="s_CurrState_SISt_VI[55]"/>
        <net name="s_CurrState_SISt_VI[54]"/>
        <net name="s_CurrState_SISt_VI[53]"/>
        <net name="s_CurrState_SISt_VI[52]"/>
        <net name="s_CurrState_SISt_VI[51]"/>
        <net name="s_CurrState_SISt_VI[50]"/>
        <net name="s_CurrState_SISt_VI[49]"/>
        <net name="s_CurrState_SISt_VI[48]"/>
        <net name="s_CurrState_SISt_VI[47]"/>
        <net name="s_CurrState_SISt_VI[46]"/>
        <net name="s_CurrState_SISt_VI[45]"/>
        <net name="s_CurrState_SISt_VI[44]"/>
        <net name="s_CurrState_SISt_VI[43]"/>
        <net name="s_CurrState_SISt_VI[42]"/>
        <net name="s_CurrState_SISt_VI[41]"/>
        <net name="s_CurrState_SISt_VI[40]"/>
        <net name="s_CurrState_SISt_VI[39]"/>
        <net name="s_CurrState_SISt_VI[38]"/>
        <net name="s_CurrState_SISt_VI[37]"/>
        <net name="s_CurrState_SISt_VI[36]"/>
        <net name="s_CurrState_SISt_VI[35]"/>
        <net name="s_CurrState_SISt_VI[34]"/>
        <net name="s_CurrState_SISt_VI[33]"/>
        <net name="s_CurrState_SISt_VI[32]"/>
        <net name="s_CurrState_SISt_VI[31]"/>
        <net name="s_CurrState_SISt_VI[30]"/>
        <net name="s_CurrState_SISt_VI[29]"/>
        <net name="s_CurrState_SISt_VI[28]"/>
        <net name="s_CurrState_SISt_VI[27]"/>
        <net name="s_CurrState_SISt_VI[26]"/>
        <net name="s_CurrState_SISt_VI[25]"/>
        <net name="s_CurrState_SISt_VI[24]"/>
        <net name="s_CurrState_SISt_VI[23]"/>
        <net name="s_CurrState_SISt_VI[22]"/>
        <net name="s_CurrState_SISt_VI[21]"/>
        <net name="s_CurrState_SISt_VI[20]"/>
        <net name="s_CurrState_SISt_VI[19]"/>
        <net name="s_CurrState_SISt_VI[18]"/>
        <net name="s_CurrState_SISt_VI[17]"/>
        <net name="s_CurrState_SISt_VI[16]"/>
        <net name="s_CurrState_SISt_VI[15]"/>
        <net name="s_CurrState_SISt_VI[14]"/>
        <net name="s_CurrState_SISt_VI[13]"/>
        <net name="s_CurrState_SISt_VI[12]"/>
        <net name="s_CurrState_SISt_VI[11]"/>
        <net name="s_CurrState_SISt_VI[10]"/>
        <net name="s_CurrState_SISt_VI[9]"/>
        <net name="s_CurrState_SISt_VI[8]"/>
        <net name="s_CurrState_SISt_VI[7]"/>
        <net name="s_CurrState_SISt_VI[6]"/>
        <net name="s_CurrState_SISt_VI[5]"/>
        <net name="s_CurrState_SISt_VI[4]"/>
        <net name="s_CurrState_SISt_VI[3]"/>
        <net name="s_CurrState_SISt_VI[2]"/>
        <net name="s_CurrState_SISt_VI[1]"/>
        <net name="s_CurrState_SISt_VI[0]"/>
      </nets>
    </probe>
  </probeset>
</hwsession>
